nombre,apellido,dni,genero,telefono,obraSocial,PasswordHash
Paciente,Default,2,M,333333,OSDE,$2a$10$1Y4yW8CHOmbAJQnjUleLB.O7gtckxVp8yh0Ts4iCI9WZY2A8SsIQe
Mateo,Alvarado,45123789,M,333334,OSDE,$2a$10$1Y4yW8CHOmbAJQnjUleLB.O7gtckxVp8yh0Ts4iCI9WZY2A8SsIQe
Elena,Blanco,20000003,F,444001,Swiss Medical,$2a$10$1Y4yW8CHOmbAJQnjUleLB.O7gtckxVp8yh0Ts4iCI9WZY2A8SsIQe
Javier,Moreno,20000004,M,444002,PAMI,$2a$10$1Y4yW8CHOmbAJQnjUleLB.O7gtckxVp8yh0Ts4iCI9WZY2A8SsIQe
Maria,Jimenez,20000005,F,444003,Particular,$2a$10$1Y4yW8CHOmbAJQnjUleLB.O7gtckxVp8yh0Ts4iCI9WZY2A8SsIQe
Daniel,Ruiz,20000006,M,444004,OSDE,$2a$10$1Y4yW8CHOmbAJQnjUleLB.O7gtckxVp8yh0Ts4iCI9WZY2A8SsIQe
Carla,Silva,20000007,F,444005,Swiss Medical,$2a$10$1Y4yW8CHOmbAJQnjUleLB.O7gtckxVp8yh0Ts4iCI9WZY2A8SsIQe
Jorge,Torres,20000008,M,444006,PAMI,$2a$10$1Y4yW8CHOmbAJQnjUleLB.O7gtckxVp8yh0Ts4iCI9WZY2A8SsIQe
Rocio,Nuñez,20000009,F,444007,Particular,$2a$10$1Y4yW8CHOmbAJQnjUleLB.O7gtckxVp8yh0Ts4iCI9WZY2A8SsIQe
Adrian,Romero,20000010,M,444008,OSDE,$2a$10$1Y4yW8CHOmbAJQnjUleLB.O7gtckxVp8yh0Ts4iCI9WZY2A8SsIQe
Valeria,Flores,20000011,F,444009,Swiss Medical,$2a$10$1Y4yW8CHOmbAJQnjUleLB.O7gtckxVp8yh0Ts4iCI9WZY2A8SsIQe
Ivan,Acosta,20000012,M,444010,PAMI,$2a$10$1Y4yW8CHOmbAJQnjUleLB.O7gtckxVp8yh0Ts4iCI9WZY2A8SsIQe
Camila,Vazquez,20000013,F,444011,Particular,$2a$10$1Y4yW8CHOmbAJQnjUleLB.O7gtckxVp8yh0Ts4iCI9WZY2A8SsIQe
Marcos,Benitez,20000014,M,444012,OSDE,$2a$10$1Y4yW8CHOmbAJQnjUleLB.O7gtckxVp8yh0Ts4iCI9WZY2A8SsIQe
Julieta,Sosa,20000015,F,444013,Swiss Medical,$2a$10$1Y4yW8CHOmbAJQnjUleLB.O7gtckxVp8yh0Ts4iCI9WZY2A8SsIQe
Diego,Ramirez,20000016,M,444014,PAMI,$2a$10$1Y4yW8CHOmbAJQnjUleLB.O7gtckxVp8yh0Ts4iCI9WZY2A8SsIQe
Paula,Gimenez,20000017,F,444015,Particular,$2a$10$1Y4yW8CHOmbAJQnjUleLB.O7gtckxVp8yh0Ts4iCI9WZY2A8SsIQe
Lucas,Castro,20000018,M,444016,OSDE,$2a$10$1Y4yW8CHOmbAJQnjUleLB.O7gtckxVp8yh0Ts4iCI9WZY2A8SsIQe
Agustina,Rios,20000019,F,444017,Swiss Medical,$2a$10$1Y4yW8CHOmbAJQnjUleLB.O7gtckxVp8yh0Ts4iCI9WZY2A8SsIQe
Nicolas,Molina,20000020,M,444018,PAMI,$2a$10$1Y4yW8CHOmbAJQnjUleLB.O7gtckxVp8yh0Ts4iCI9WZY2A8SsIQe
